{
  "mfcc_features": [
    -461.2474670410156,
    50.81644821166992,
    18.052173614501953,
    21.464412689208984,
    8.484796524047852,
    15.194500923156738,
    -3.845470428466797,
    1.1032007932662964,
    1.3942848443984985,
    -1.8862724304199219,
    -0.3759729862213135,
    2.2067575454711914,
    -2.7487010955810547
  ],
  "mel_features": [
    0.0026057001668959856,
    0.1870163083076477,
    2.2109215259552,
    2.0954136848449707,
    4.046330451965332,
    4.2909979820251465,
    1.378282070159912,
    1.0494862794876099,
    2.4210636615753174,
    6.876887321472168,
    4.539652347564697,
    3.5462942123413086,
    3.1582932472229004,
    3.8145523071289062,
    2.4458913803100586,
    3.0212132930755615,
    14.744091987609863,
    36.49488067626953,
    33.941898345947266,
    16.95332908630371,
    9.249829292297363,
    2.1915788650512695,
    0.4599393308162689,
    0.2096184343099594,
    0.22427630424499512,
    0.1857215315103531,
    0.09956629574298859,
    0.06725123524665833,
    0.040036074817180634,
    0.03948724642395973,
    0.01563570275902748,
    0.01290949061512947,
    0.014927725307643414,
    0.013009455986320972,
    0.0027167329099029303,
    0.003551400499418378,
    0.0019448476377874613,
    0.0010660466505214572,
    0.000526986550539732,
    0.001005234313197434,
    0.0025884865317493677,
    0.0017860428197309375,
    0.0010103479726240039,
    0.0008458608062937856,
    0.0005822127568535507,
    0.000434804504038766,
    0.00030163652263581753,
    0.0005204055341891944,
    0.0008769544656388462,
    0.0019114076858386397,
    0.0009641781216487288,
    0.0012360576074570417,
    0.004457935690879822,
    0.0047400230541825294,
    0.004743222147226334,
    0.004567405208945274,
    0.008501085452735424,
    0.005340407602488995,
    0.011732591316103935,
    0.03881910443305969,
    0.030084671452641487,
    0.030855145305395126,
    0.07729362696409225,
    0.10213394463062286,
    0.17875561118125916,
    0.22881926596164703,
    0.12396460026502609,
    0.050598133355379105,
    0.022164685651659966,
    0.020195938646793365,
    0.024904679507017136,
    0.03041275590658188,
    0.043046556413173676,
    0.03851288557052612,
    0.032722264528274536,
    0.0055618067272007465,
    0.004102520179003477,
    0.0031497206073254347,
    0.001613396336324513,
    0.0006833889055997133,
    0.0002171208761865273,
    0.00018079322762787342,
    8.715299918549135e-05,
    8.092937059700489e-05,
    0.0001227697794092819,
    0.00019033989519812167,
    0.00030343703110702336,
    0.0006100114551372826,
    0.0017112604109570384,
    0.0010957112535834312,
    0.0010080422507598996,
    0.0015365901635959744,
    0.0030213571153581142,
    0.0033096950501203537,
    0.006236615590751171,
    0.013950568623840809,
    0.026032399386167526,
    0.021507970988750458,
    0.019604085013270378,
    0.042947862297296524,
    0.10028465837240219,
    0.05536685883998871,
    0.024410812184214592,
    0.005393108818680048,
    0.0025999003555625677,
    0.0017534444341436028,
    0.002354471478611231,
    0.003871446242555976,
    0.007245809771120548,
    0.0065954397432506084,
    0.013573316857218742,
    0.02192538231611252,
    0.01263987272977829,
    0.002549423836171627,
    0.0012865731259807944,
    0.0003269726294092834,
    0.00018217171600554138,
    0.00017434146138839424,
    0.0003213723539374769,
    0.000430167157901451,
    0.0008053531055338681,
    0.00028948282124474645,
    4.0666156564839184e-05,
    9.940649761119857e-06,
    9.776198339750408e-07,
    1.6229968480274692e-07,
    4.807223774605518e-08,
    3.0200411060832266e-09
  ],
  "spectral_centroid": 2310.4862274715324,
  "zero_crossing_rate": 0.2014711441532258,
  "fft_features": [
    39.44385528564453,
    28.9139404296875,
    0.7714261412620544,
    2.2020163536071777,
    6.862706661224365,
    3.6305999755859375,
    0.7361510992050171,
    0.2781789004802704,
    0.7742128968238831,
    1.5479165315628052,
    3.4489471912384033,
    5.604701995849609,
    1.6547784805297852,
    1.2210625410079956,
    2.04862117767334,
    2.895561933517456,
    0.7728973627090454,
    0.312992662191391,
    0.39759716391563416,
    0.5852708220481873,
    0.1381872594356537,
    0.026349084451794624,
    0.006455017253756523,
    0.0004950991715304554
  ]
}