{
  "mfcc_features": [
    -415.54241943359375,
    46.181522369384766,
    6.7260541915893555,
    23.19713592529297,
    0.8711386322975159,
    9.765649795532227,
    -8.674873352050781,
    -2.170400619506836,
    -4.14999532699585,
    -6.491540431976318,
    -0.21098917722702026,
    -0.3604336380958557,
    0.054025765508413315
  ],
  "mel_features": [
    0.08788138628005981,
    0.10536065697669983,
    1.9973976612091064,
    6.652032375335693,
    2.1432437896728516,
    0.5757424831390381,
    2.0436079502105713,
    3.7211740016937256,
    2.232672929763794,
    1.0813922882080078,
    3.1265900135040283,
    4.824734687805176,
    6.488391876220703,
    3.193021059036255,
    3.2446978092193604,
    8.779755592346191,
    41.097896575927734,
    21.24093246459961,
    3.814812421798706,
    1.4566229581832886,
    0.570115327835083,
    0.25897887349128723,
    0.20745112001895905,
    0.16014404594898224,
    0.14188611507415771,
    0.09574299305677414,
    0.03260810300707817,
    0.02113833650946617,
    0.013721857219934464,
    0.009249512106180191,
    0.008131689392030239,
    0.006864373572170734,
    0.006125569809228182,
    0.003694668412208557,
    0.003290146356448531,
    0.005527970381081104,
    0.00539115397259593,
    0.004819151945412159,
    0.004468689206987619,
    0.00616409070789814,
    0.005002889782190323,
    0.006053172517567873,
    0.012626041658222675,
    0.009508104994893074,
    0.006981258280575275,
    0.0036258408799767494,
    0.005201153922826052,
    0.005230308510363102,
    0.006661316379904747,
    0.00839244108647108,
    0.004705403000116348,
    0.011038651689887047,
    0.016930943354964256,
    0.0054647233337163925,
    0.0038083428516983986,
    0.003348757978528738,
    0.00384832383133471,
    0.0038780872710049152,
    0.008155275136232376,
    0.0072306240908801556,
    0.010548588819801807,
    0.00932826567441225,
    0.033691056072711945,
    0.05364514887332916,
    0.11317085474729538,
    0.39070796966552734,
    0.33739474415779114,
    0.09481055289506912,
    0.053508210927248,
    0.029590439051389694,
    0.025802286341786385,
    0.021493665874004364,
    0.0204776544123888,
    0.03037804365158081,
    0.049421656876802444,
    0.03406970575451851,
    0.015603281557559967,
    0.011318177916109562,
    0.00492640258744359,
    0.004164523910731077,
    0.0015476216794922948,
    0.0012809887994080782,
    0.0012289488222450018,
    0.001141124521382153,
    0.0010707777692005038,
    0.001061951625160873,
    0.0016376659041270614,
    0.0032141993287950754,
    0.012511014938354492,
    0.025461852550506592,
    0.016197454184293747,
    0.009857541881501675,
    0.009020013734698296,
    0.010985768400132656,
    0.008447772823274136,
    0.01116232480853796,
    0.011447705328464508,
    0.019609754905104637,
    0.01766088977456093,
    0.021181337535381317,
    0.024117091670632362,
    0.027240116149187088,
    0.03501734882593155,
    0.04674364626407623,
    0.062154170125722885,
    0.05805813893675804,
    0.0431317538022995,
    0.058182984590530396,
    0.08263926953077316,
    0.06617453694343567,
    0.03484823927283287,
    0.0135289141908288,
    0.002685149433091283,
    0.0010345554910600185,
    0.00033658408210612833,
    0.00012685576803050935,
    0.00012251402949914336,
    6.470931839430705e-05,
    9.077236609300599e-05,
    0.00013882324856240302,
    0.00027289881836622953,
    0.0004858601896557957,
    0.00038712593959644437,
    0.00012057791172992438,
    1.7871127056423575e-05,
    3.7978620639478322e-06,
    2.523064495107974e-07,
    2.8012863140247646e-09
  ],
  "spectral_centroid": 2425.8441734273597,
  "zero_crossing_rate": 0.2928087957974138,
  "fft_features": [
    50.659019470214844,
    13.127427101135254,
    2.1105685234069824,
    2.1150989532470703,
    8.098040580749512,
    4.411231994628906,
    1.6433333158493042,
    0.8674255609512329,
    2.8919315338134766,
    2.512373685836792,
    3.201470375061035,
    4.088298320770264,
    6.068811893463135,
    5.617751121520996,
    6.384222030639648,
    2.0566389560699463,
    0.49818164110183716,
    0.25801652669906616,
    0.25866931676864624,
    0.4521758258342743,
    0.4640088677406311,
    0.12350495904684067,
    0.022309400141239166,
    0.00044862827053293586
  ]
}