{
  "mfcc_features": [
    -432.46875,
    57.848453521728516,
    12.269649505615234,
    27.11798095703125,
    9.262367248535156,
    15.143289566040039,
    -9.813715934753418,
    2.1901450157165527,
    1.2815040349960327,
    -3.960237979888916,
    1.852672815322876,
    1.115710973739624,
    0.4177749454975128
  ],
  "mel_features": [
    0.012981267645955086,
    0.17274996638298035,
    5.655239105224609,
    14.563268661499023,
    4.981168270111084,
    1.669297456741333,
    10.076300621032715,
    5.945847988128662,
    1.3236345052719116,
    6.980279445648193,
    14.963705062866211,
    6.820343971252441,
    5.393190860748291,
    12.142654418945312,
    5.1602630615234375,
    3.2922403812408447,
    42.531105041503906,
    70.78356170654297,
    12.516465187072754,
    2.8023343086242676,
    2.090116262435913,
    1.0466169118881226,
    0.21211525797843933,
    0.253728449344635,
    0.2821987569332123,
    0.07928798347711563,
    0.04218054190278053,
    0.07784061133861542,
    0.05935182794928551,
    0.020413381978869438,
    0.011678946204483509,
    0.013401105999946594,
    0.014335564337670803,
    0.004765138495713472,
    0.0028690060134977102,
    0.0025230736937373877,
    0.0014775139279663563,
    0.0009618668700568378,
    0.000780539121478796,
    0.0012703952379524708,
    0.002524186624214053,
    0.001502073835581541,
    0.002031121402978897,
    0.0008402149542234838,
    0.0005249925889074802,
    0.0006980928010307252,
    0.0003501728060655296,
    0.0004978537908755243,
    0.0011085958685725927,
    0.0008950186311267316,
    0.0014709205133840442,
    0.001379171502776444,
    0.0024188219103962183,
    0.005698492284864187,
    0.0035644634626805782,
    0.0044232262298464775,
    0.003154099453240633,
    0.006886214949190617,
    0.006270735524594784,
    0.019851945340633392,
    0.0220989640802145,
    0.027352889999747276,
    0.04612597078084946,
    0.1925664097070694,
    0.24403224885463715,
    0.5776945352554321,
    0.27958229184150696,
    0.13373886048793793,
    0.06874413043260574,
    0.07874218374490738,
    0.07701125741004944,
    0.08321662992238998,
    0.1565769612789154,
    0.18078705668449402,
    0.07057015597820282,
    0.012515772134065628,
    0.008024292066693306,
    0.011262272484600544,
    0.0038642059080302715,
    0.0015907767228782177,
    0.0003474476980045438,
    0.00022031534172128886,
    0.00026699621230363846,
    0.0002505489974282682,
    0.0002132305089617148,
    0.0007144812843762338,
    0.0015945855993777514,
    0.0018907272024080157,
    0.005713708233088255,
    0.007350157015025616,
    0.0030156050343066454,
    0.002065041335299611,
    0.0029630064964294434,
    0.004671006463468075,
    0.007233107928186655,
    0.015358613803982735,
    0.0250654648989439,
    0.04672800749540329,
    0.0629935935139656,
    0.08475305140018463,
    0.039371080696582794,
    0.02774401195347309,
    0.014897476881742477,
    0.00912086758762598,
    0.01396882813423872,
    0.016336113214492798,
    0.013743838295340538,
    0.010443618521094322,
    0.013227306306362152,
    0.010185033082962036,
    0.010848050005733967,
    0.005776748061180115,
    0.001477146171964705,
    0.0006816566456109285,
    0.0003945351345464587,
    0.00021787495643366128,
    0.0002418739750282839,
    0.00010631726763676852,
    9.985447104554623e-05,
    8.212210377678275e-05,
    0.00013378167932387441,
    0.0001601447438588366,
    6.39638674329035e-05,
    2.0397301341290586e-05,
    5.060472631157609e-06,
    1.0111619985764264e-06,
    7.324805295638726e-08,
    3.4774167989581883e-09
  ],
  "spectral_centroid": 2275.575227878868,
  "zero_crossing_rate": 0.25462281858766234,
  "fft_features": [
    51.257808685302734,
    18.365049362182617,
    0.6980451941490173,
    1.687083125114441,
    8.252043724060059,
    5.985795497894287,
    1.017256736755371,
    0.5155409574508667,
    1.3232051134109497,
    1.5734455585479736,
    4.349874019622803,
    4.155675888061523,
    2.2675163745880127,
    2.38364315032959,
    2.17309832572937,
    1.1198652982711792,
    0.4227045476436615,
    0.2949410378932953,
    0.199439138174057,
    0.2413068264722824,
    0.16248445212841034,
    0.04852508381009102,
    0.009485962800681591,
    0.0005125866155140102
  ]
}