{
  "mfcc_features": [
    -430.84967041015625,
    65.37434387207031,
    15.081114768981934,
    31.746179580688477,
    13.057430267333984,
    19.627809524536133,
    -1.298050045967102,
    5.869791507720947,
    1.187110424041748,
    3.2300992012023926,
    0.3742782175540924,
    2.0411055088043213,
    2.4253427982330322
  ],
  "mel_features": [
    0.0862756296992302,
    2.7279582023620605,
    5.619211196899414,
    4.0608415603637695,
    0.6491727232933044,
    5.726935863494873,
    5.5138750076293945,
    4.251482009887695,
    2.8742775917053223,
    4.682875633239746,
    6.724119663238525,
    10.569962501525879,
    4.7060065269470215,
    2.287306308746338,
    3.0255911350250244,
    5.833542346954346,
    15.562164306640625,
    23.05938148498535,
    18.271848678588867,
    8.319389343261719,
    1.192894697189331,
    0.6251538991928101,
    0.23698115348815918,
    0.1619514524936676,
    0.15360628068447113,
    0.048733506351709366,
    0.02495655231177807,
    0.0365583710372448,
    0.015603333711624146,
    0.006207040511071682,
    0.005862817633897066,
    0.003956668544560671,
    0.0014370831195265055,
    0.0016122428933158517,
    0.0012328836601227522,
    0.0008279187604784966,
    0.0012469019275158644,
    0.0017881820676848292,
    0.0014869899023324251,
    0.001809663255698979,
    0.0024483916349709034,
    0.001024408731609583,
    0.0011412532767280936,
    0.0008145551546476781,
    0.0006544991629198194,
    0.0008105530869215727,
    0.0007179099484346807,
    0.0009008782217279077,
    0.0010360414162278175,
    0.0012826784513890743,
    0.0008578444831073284,
    0.0011687923688441515,
    0.002071755239740014,
    0.0028007670771330595,
    0.0023604908492416143,
    0.004616738297045231,
    0.005783082451671362,
    0.005498247686773539,
    0.010926274582743645,
    0.01874120905995369,
    0.03128965198993683,
    0.023163583129644394,
    0.028678027912974358,
    0.05008828639984131,
    0.09079158306121826,
    0.33431875705718994,
    0.31422752141952515,
    0.24637196958065033,
    0.13310305774211884,
    0.04809068515896797,
    0.038599107414484024,
    0.04068610072135925,
    0.04306640848517418,
    0.029376791790127754,
    0.02241124026477337,
    0.011155873537063599,
    0.015956245362758636,
    0.01277343463152647,
    0.004146825522184372,
    0.0024416483938694,
    0.001529720495454967,
    0.0009308879962190986,
    0.0008550385246053338,
    0.0012919375440105796,
    0.002467598533257842,
    0.002866076771169901,
    0.008026975207030773,
    0.019805897027254105,
    0.017920726910233498,
    0.0080964844673872,
    0.004167000763118267,
    0.0038550267927348614,
    0.004596564453095198,
    0.0033574174158275127,
    0.004234722815454006,
    0.0058593046851456165,
    0.005070422776043415,
    0.0041595702059566975,
    0.004620142746716738,
    0.0072463154792785645,
    0.011555224657058716,
    0.015469331294298172,
    0.035848841071128845,
    0.04034600406885147,
    0.03537970036268234,
    0.04093701019883156,
    0.028847506269812584,
    0.015607530251145363,
    0.01795831508934498,
    0.018250469118356705,
    0.016929002478718758,
    0.008101964369416237,
    0.003850080305710435,
    0.0037440434098243713,
    0.0019517109030857682,
    0.0009540646569803357,
    0.000574641628190875,
    0.0004719737626146525,
    0.0005010929307900369,
    0.0004016740422230214,
    0.00022974731109570712,
    0.00023950825561769307,
    0.00010937987826764584,
    2.8259286409593187e-05,
    1.027193502523005e-05,
    2.484586730133742e-06,
    2.1498183855328534e-07,
    3.085267819002979e-09
  ],
  "spectral_centroid": 2099.836180299179,
  "zero_crossing_rate": 0.2282429484577922,
  "fft_features": [
    42.70616912841797,
    17.303930282592773,
    0.7004591226577759,
    1.7247049808502197,
    7.45338773727417,
    3.552189350128174,
    1.3164669275283813,
    1.0999274253845215,
    1.989485502243042,
    1.4369375705718994,
    1.4015311002731323,
    2.403032064437866,
    4.197649955749512,
    3.229126453399658,
    2.8060688972473145,
    1.5874508619308472,
    0.9873833060264587,
    0.4754266142845154,
    0.46238091588020325,
    0.3299306333065033,
    0.21128010749816895,
    0.06667254120111465,
    0.015819067135453224,
    0.00038132842746563256
  ]
}